{"_timestamp":1.7737215908226922e+09,"_step":299,"checkpoint_step":270,"_runtime":333,"_wandb":{"runtime":333},"train/loss":0.3679026961326599,"step":273}