{"train/L_KL":23.814186096191406,"_step":1398,"train/L_distill":6.105084419250488,"train/loss":9.506957054138184,"train/energy_mean":1.020453929901123,"_runtime":1025.190194376,"_wandb":{"runtime":1025},"_timestamp":1.7738147983663585e+09,"train/q_entropy":1.2826454639434814,"train/L_align":1.020453929901123}